entity,entity_id,action,data,created_at
orders,1093c2a7-4e71-443f-ac96-fd6dc2004840,INSERT,"{""example_field"": ""example_value""}",2025-01-23T13:20:15
orders,a45f5bef-9d36-48f4-97d3-b4c426191899,DELETE,"{""example_field"": ""example_value""}",2024-12-14T06:35:24
orders,b9d130f8-a4df-4657-9e24-e36ceca23cf5,INSERT,"{""example_field"": ""example_value""}",2025-03-01T03:52:47
orders,b9d130f8-a4df-4657-9e24-e36ceca23cf5,DELETE,"{""example_field"": ""example_value""}",2024-10-10T05:56:09
orders,13b2d50d-c1a9-4de8-a1f9-b55227d678e8,UPDATE,"{""example_field"": ""example_value""}",2025-05-26T03:45:30
orders,83b00fa8-3b3d-4a3e-869d-15ecc49c9968,UPDATE,"{""example_field"": ""example_value""}",2024-09-30T09:32:44
orders,3de3b1e2-5398-4e8c-b5cb-2c23b0b248c2,INSERT,"{""example_field"": ""example_value""}",2024-08-14T02:14:05
orders,3de3b1e2-5398-4e8c-b5cb-2c23b0b248c2,UPDATE,"{""example_field"": ""example_value""}",2025-03-02T16:55:57
orders,3b9cfbcf-5cd2-4e17-8ba4-5fe75d15d51a,INSERT,"{""example_field"": ""example_value""}",2025-01-06T10:39:29
orders,4747d808-3431-499d-a96d-6b70f173df23,INSERT,"{""example_field"": ""example_value""}",2025-05-24T20:25:43
orders,8b42f5c8-6549-4583-851f-325f854b978c,DELETE,"{""example_field"": ""example_value""}",2024-08-27T11:27:57
orders,8b42f5c8-6549-4583-851f-325f854b978c,UPDATE,"{""example_field"": ""example_value""}",2024-08-23T22:02:04
orders,e02d4eee-3a07-4c8c-89d8-22314ae046bb,UPDATE,"{""example_field"": ""example_value""}",2024-08-20T03:31:48
orders,e02d4eee-3a07-4c8c-89d8-22314ae046bb,DELETE,"{""example_field"": ""example_value""}",2024-10-28T02:36:09
orders,1945f1fe-7ec0-40fb-bc01-9b210b7b0c12,DELETE,"{""example_field"": ""example_value""}",2024-11-15T16:12:15
orders,1945f1fe-7ec0-40fb-bc01-9b210b7b0c12,UPDATE,"{""example_field"": ""example_value""}",2024-11-20T07:46:50
orders,ffe57620-50da-4919-9503-1d009630893f,DELETE,"{""example_field"": ""example_value""}",2024-10-24T17:27:29
orders,ffe57620-50da-4919-9503-1d009630893f,INSERT,"{""example_field"": ""example_value""}",2025-03-10T22:49:55
orders,277d25c6-ab65-4360-abab-7df58b67e0e9,UPDATE,"{""example_field"": ""example_value""}",2025-05-12T18:31:34
orders,a9fa9159-047d-4b14-afb5-60a2786abc9e,INSERT,"{""example_field"": ""example_value""}",2025-06-17T23:03:27
orders,a9fa9159-047d-4b14-afb5-60a2786abc9e,DELETE,"{""example_field"": ""example_value""}",2024-07-30T04:45:07
orders,44058adf-c021-42ec-8aec-21e16c80ab7d,UPDATE,"{""example_field"": ""example_value""}",2025-01-21T22:34:01
orders,44058adf-c021-42ec-8aec-21e16c80ab7d,INSERT,"{""example_field"": ""example_value""}",2024-08-20T18:06:47
orders,40271486-89d1-4913-84d5-03f276c816d3,UPDATE,"{""example_field"": ""example_value""}",2024-09-14T10:48:59
orders,40271486-89d1-4913-84d5-03f276c816d3,DELETE,"{""example_field"": ""example_value""}",2024-09-12T01:00:10
orders,7ebafa16-77a9-4553-84d4-0813ad3f9b6e,INSERT,"{""example_field"": ""example_value""}",2024-08-15T13:57:52
orders,26451cb0-8b1c-4620-9b17-95da4e18b1a5,DELETE,"{""example_field"": ""example_value""}",2024-08-07T01:35:07
orders,78187cf0-1f1a-4361-8bfb-913ea8e09d50,UPDATE,"{""example_field"": ""example_value""}",2025-03-13T18:51:01
orders,78187cf0-1f1a-4361-8bfb-913ea8e09d50,INSERT,"{""example_field"": ""example_value""}",2024-11-24T23:10:42
orders,34f42430-3359-4b6e-a260-7e2f21c4498c,UPDATE,"{""example_field"": ""example_value""}",2025-06-28T09:42:56
orders,34f42430-3359-4b6e-a260-7e2f21c4498c,DELETE,"{""example_field"": ""example_value""}",2024-12-15T14:34:12
orders,fff337d1-adce-4296-bc08-4b7946b2be38,UPDATE,"{""example_field"": ""example_value""}",2025-05-09T06:42:55
orders,fff337d1-adce-4296-bc08-4b7946b2be38,DELETE,"{""example_field"": ""example_value""}",2025-01-07T06:46:00
orders,f2905873-c0d2-46d7-a53d-b37dcda464c7,INSERT,"{""example_field"": ""example_value""}",2025-04-28T18:28:53
orders,47133304-924e-48e7-bba7-6a300c47b1b2,DELETE,"{""example_field"": ""example_value""}",2024-11-14T20:58:50
orders,47133304-924e-48e7-bba7-6a300c47b1b2,INSERT,"{""example_field"": ""example_value""}",2024-08-16T02:10:18
orders,136de1b5-6e24-461b-8f47-c340e90643d7,UPDATE,"{""example_field"": ""example_value""}",2025-03-28T07:28:09
orders,782d75e2-7d9a-470a-b327-a5ce29ad7590,INSERT,"{""example_field"": ""example_value""}",2025-03-03T01:11:24
orders,9caf06c5-b429-4f60-bff4-5b4a8edb9ef5,INSERT,"{""example_field"": ""example_value""}",2024-12-24T07:38:26
orders,2ff49bb8-6925-40fb-9d00-1f6897714b8e,INSERT,"{""example_field"": ""example_value""}",2025-05-12T15:55:22
orders,c29e3ed3-196a-40d2-9d0d-08f394c09fef,DELETE,"{""example_field"": ""example_value""}",2024-12-07T19:30:48
orders,72bb3f6a-994e-4ac2-a926-5de7287f9219,INSERT,"{""example_field"": ""example_value""}",2024-11-27T05:16:25
orders,72bb3f6a-994e-4ac2-a926-5de7287f9219,DELETE,"{""example_field"": ""example_value""}",2024-10-27T11:46:00
orders,93296579-a11d-40b3-b1f0-da77b0936fc2,DELETE,"{""example_field"": ""example_value""}",2025-07-08T11:59:19
orders,ae26c2e8-4e03-458f-b528-efd9e73d65d9,INSERT,"{""example_field"": ""example_value""}",2025-06-11T08:21:21
orders,de184902-5505-45a4-88fb-71854d37dd89,INSERT,"{""example_field"": ""example_value""}",2024-09-10T12:56:42
orders,c84f06ce-fd20-4ef7-b3bc-23b1a61cfac2,UPDATE,"{""example_field"": ""example_value""}",2025-07-07T01:31:59
orders,c128f713-4a32-4e70-82fd-585850f0e4fb,DELETE,"{""example_field"": ""example_value""}",2025-04-13T16:24:06
orders,8fc76d2f-41f5-43d1-8c45-34c335f8ab5c,UPDATE,"{""example_field"": ""example_value""}",2024-07-17T20:42:13
orders,639a0c35-1058-4fd9-918f-3e839197930a,INSERT,"{""example_field"": ""example_value""}",2025-04-02T11:50:07
orders,72d84e59-13d8-47e6-8230-444099ba5335,UPDATE,"{""example_field"": ""example_value""}",2024-10-07T19:28:33
orders,c71bff9b-64a2-4d31-bffb-0beed7394009,INSERT,"{""example_field"": ""example_value""}",2025-05-13T11:53:06
orders,c71bff9b-64a2-4d31-bffb-0beed7394009,DELETE,"{""example_field"": ""example_value""}",2025-01-14T07:29:00
orders,86ff9aff-056f-486a-a27c-9297caccd969,UPDATE,"{""example_field"": ""example_value""}",2025-02-10T12:37:12
orders,86ff9aff-056f-486a-a27c-9297caccd969,DELETE,"{""example_field"": ""example_value""}",2024-11-06T08:41:08
orders,67aebf43-8498-419c-93c5-f17febe5190f,DELETE,"{""example_field"": ""example_value""}",2025-05-29T13:49:47
orders,67aebf43-8498-419c-93c5-f17febe5190f,INSERT,"{""example_field"": ""example_value""}",2024-10-25T01:07:18
orders,b0e894dc-7b8b-4406-bcca-0a13a391ef64,DELETE,"{""example_field"": ""example_value""}",2024-10-25T06:13:45
orders,8dd803d2-acb6-4d67-bb8d-75a4829ef8b4,DELETE,"{""example_field"": ""example_value""}",2025-06-23T09:09:42
orders,c1243d08-833f-41de-ac8b-9f18be994bd1,DELETE,"{""example_field"": ""example_value""}",2024-12-15T03:05:56
orders,c1243d08-833f-41de-ac8b-9f18be994bd1,UPDATE,"{""example_field"": ""example_value""}",2024-10-15T09:21:56
orders,ee36f921-6fcc-4fde-a248-7a8fd375d1f9,INSERT,"{""example_field"": ""example_value""}",2025-06-05T10:11:06
orders,ee36f921-6fcc-4fde-a248-7a8fd375d1f9,UPDATE,"{""example_field"": ""example_value""}",2024-12-23T06:11:24
orders,442bda02-75bc-4366-abbc-5d2060ad9417,DELETE,"{""example_field"": ""example_value""}",2024-08-13T23:51:54
orders,442bda02-75bc-4366-abbc-5d2060ad9417,UPDATE,"{""example_field"": ""example_value""}",2024-08-01T13:59:06
orders,28fbb033-4c6d-4f4f-90a3-9429c6b91b72,UPDATE,"{""example_field"": ""example_value""}",2025-06-03T03:44:28
orders,232076dc-ce39-4a33-a260-555772151208,INSERT,"{""example_field"": ""example_value""}",2024-12-02T04:58:27
orders,232076dc-ce39-4a33-a260-555772151208,UPDATE,"{""example_field"": ""example_value""}",2025-07-06T15:57:26
orders,dc4bece6-61a5-4d78-a19e-177c0b0ccc67,DELETE,"{""example_field"": ""example_value""}",2025-04-15T06:04:13
orders,dc4bece6-61a5-4d78-a19e-177c0b0ccc67,UPDATE,"{""example_field"": ""example_value""}",2025-03-19T17:15:09
orders,e6aab1f7-3cf7-480e-adf1-46ff3faf5db1,INSERT,"{""example_field"": ""example_value""}",2024-07-24T23:01:37
orders,172431a7-e1cb-45ab-b468-ef642d83fb11,DELETE,"{""example_field"": ""example_value""}",2024-10-14T06:06:30
orders,172431a7-e1cb-45ab-b468-ef642d83fb11,INSERT,"{""example_field"": ""example_value""}",2024-11-11T06:09:27
